Tube Coefficients,Value,a1,a2,a3
"C_x1,0",0.5,0.5,0.8,0.8
"C_x1,1",0.0,0.0,0.0,0.0
"C_x1,2",0.2,0.0,0.0,0.0
"C_x1,3",0.0,0.0,0.0,0.0
"C_x2,0",0.8,,,
"C_x2,1",-0.06160856687172519,,,
"C_x2,2",0.6233766233766276,,,
"C_x2,3",-0.07290954659375785,,,
"C_x3,0",0.8,,,
"C_x3,1",-0.057419996513785675,,,
"C_x3,2",0.5807622504537178,,,
"C_x3,3",-0.06562285315861204,,,
